xmin,ymin,xmax,ymax,confidence,class,name
133.7246856689453,217.12353515625,308.8569030761719,544.1658935546875,0.8928688168525696,16,dog
471.1279602050781,75.3241195678711,687.9319458007812,172.7563018798828,0.7592322826385498,2,car
150.78851318359375,118.13507080078125,568.4744262695312,426.0750427246094,0.48551076650619507,1,bicycle
